,date,temperature_2m_max,temperature_2m_min,temperature_2m_mean,apparent_temperature_max,apparent_temperature_min,apparent_temperature_mean,precipitation_sum,shortwave_radiation_sum
0,2022-01-01 05:00:00,11.5725,7.4225,9.605833,10.621353,5.6684523,8.392408,26.5,1.61
1,2022-01-02 05:00:00,13.6225,2.0225,9.101666,11.198116,-3.44729,6.312523,8.8,2.57
2,2022-01-03 05:00:00,1.6225001,-4.7775,-1.5795833,-3.709321,-10.994707,-7.9731297,1.9000001,1.36
3,2022-01-04 05:00:00,0.6225,-6.5775,-3.1191664,-4.213054,-12.3623905,-8.126157,0.0,9.23
4,2022-01-05 05:00:00,6.9725,-2.1275,2.0745833,2.6015902,-7.4814973,-1.9401445,0.3,3.19
5,2022-01-06 05:00:00,4.1225,-0.2775,1.6995832,-1.1360676,-4.504116,-2.9947274,0.1,8.41
6,2022-01-07 05:00:00,-0.32750002,-6.0775,-2.0691664,-5.6345625,-11.753696,-7.810501,8.9,9.17
7,2022-01-08 05:00:00,-2.5774999,-8.9275,-5.8858323,-6.9061947,-13.583293,-10.897935,0.0,10.17
8,2022-01-09 05:00:00,4.0725,-5.0275,0.6266668,-0.10236168,-10.154991,-4.2066884,4.9999995,3.48
9,2022-01-10 05:00:00,3.8225002,-4.2275,-1.8295835,-0.72229743,-10.713184,-8.0504675,0.0,10.02
10,2022-01-11 05:00:00,-4.5275,-8.6775,-7.223333,-11.092882,-16.098991,-13.514262,0.0,10.06
11,2022-01-12 05:00:00,4.6225,-7.0775,-1.9545833,-1.0504804,-12.841835,-7.388399,0.0,8.68
12,2022-01-13 05:00:00,6.9225,-3.3274999,1.0204165,3.266687,-7.1149797,-2.535508,0.0,8.23
13,2022-01-14 05:00:00,5.0725,-5.4275,1.2433335,-1.9159784,-12.03209,-4.5945644,0.0,8.15
14,2022-01-15 05:00:00,-5.2275,-11.0775,-8.292083,-10.903292,-17.688843,-14.401202,0.0,9.86
15,2022-01-16 05:00:00,2.6725001,-13.2275,-6.148333,-3.9520626,-18.590492,-11.710883,6.8,5.32
16,2022-01-17 05:00:00,9.1725,0.022499993,3.3183334,0.92692566,-6.8951936,-2.927482,33.599995,4.19
17,2022-01-18 05:00:00,2.0225,-5.0775,-1.2066666,-4.971651,-10.172123,-7.372233,0.0,8.09
18,2022-01-19 05:00:00,7.6225,-4.3775,2.0370834,2.157073,-8.178256,-2.7865498,0.0,6.88
19,2022-01-20 05:00:00,4.7225,-6.3775,0.2266667,0.21706152,-13.232531,-5.043584,7.1,5.71
20,2022-01-21 05:00:00,-5.1775,-11.3775,-8.265,-11.717772,-18.101189,-14.843825,0.0,9.61
21,2022-01-22 05:00:00,-1.4775,-12.1275,-6.804582,-5.3822446,-18.366219,-12.088386,0.0,11.34
22,2022-01-23 05:00:00,2.7725,-6.0775,-2.119167,-2.670763,-11.291386,-6.974914,0.3,9.49
23,2022-01-24 05:00:00,0.27249998,-2.8775,-1.3420835,-3.8585496,-7.192665,-5.365132,0.2,7.86
24,2022-01-25 05:00:00,6.4225,-3.8775,1.2641665,1.5228491,-9.241036,-2.9316006,0.0,7.92
25,2022-01-26 05:00:00,-3.0275,-7.7775,-5.4670835,-9.8055,-13.185101,-11.247445,0.0,11.78
26,2022-01-27 05:00:00,-0.17750001,-9.3275,-5.1295834,-5.906521,-13.717811,-9.94007,0.0,11.32
27,2022-01-28 05:00:00,0.67249995,-2.6275,-1.2004167,-2.800099,-7.8093624,-5.3060718,3.2000003,4.13
28,2022-01-29 05:00:00,-2.7775,-13.3775,-9.029583,-9.680981,-21.44012,-17.008867,17.9,4.92
29,2022-01-30 05:00:00,-6.1775,-13.7275,-10.381666,-10.825596,-21.262053,-16.100063,0.0,13.11
30,2022-01-31 05:00:00,-3.3775,-17.4775,-10.8045845,-7.5812845,-22.759134,-15.604024,0.0,12.01
31,2022-02-01 05:00:00,-1.5775,-13.4775,-6.9983335,-5.541586,-18.883654,-11.671132,0.0,12.99
32,2022-02-02 05:00:00,3.5225,-7.2275,-1.1045834,0.7521043,-11.451176,-4.5031686,0.0,10.68
33,2022-02-03 05:00:00,10.2725,2.2725,5.274583,6.9404755,-0.5833821,2.6332884,12.8,2.38
34,2022-02-04 05:00:00,11.6725,-2.2275,3.4495838,8.594166,-6.954048,-1.050399,23.800001,2.11
35,2022-02-05 05:00:00,-1.7774999,-7.2775,-4.387917,-7.2970495,-13.3323555,-10.87206,0.3,12.89
36,2022-02-06 05:00:00,-1.4275,-8.8275,-5.39625,-6.7986345,-13.875169,-10.152719,0.0,12.04
37,2022-02-07 05:00:00,2.5725,-4.6775,0.0662501,-1.3329358,-9.495131,-3.907734,5.7000003,2.56
38,2022-02-08 05:00:00,8.0225,-2.1775,2.4245834,2.6294703,-7.411238,-2.4058118,3.1999998,12.95
39,2022-02-09 05:00:00,4.7725,-4.7775,0.1558333,-0.002562523,-9.058289,-4.2998543,0.0,13.27
40,2022-02-10 05:00:00,11.0725,-0.4275,4.195417,5.7488346,-4.262685,-0.29016092,0.1,12.91
41,2022-02-11 05:00:00,12.1725,-3.6775,4.705834,7.485038,-7.601643,0.13870637,0.0,13.75
42,2022-02-12 05:00:00,13.4225,5.0225,9.620418,9.05389,0.039546013,4.827235,0.0,11.91
43,2022-02-13 05:00:00,4.0225,-3.9775,-0.3379166,-0.6824925,-10.160394,-5.1071267,5.6999984,3.47
44,2022-02-14 05:00:00,-3.3274999,-10.1775,-7.1650004,-10.885868,-16.73677,-13.413449,0.0,15.26
45,2022-02-15 05:00:00,-0.2775,-9.2275,-5.2275004,-5.5838757,-14.49808,-10.232032,0.0,15.14
46,2022-02-16 05:00:00,6.2225,-5.0275,1.0725002,0.75312805,-9.133375,-3.5738847,0.0,12.31
47,2022-02-17 05:00:00,16.9725,6.3725,11.410001,12.360544,1.3143835,6.872771,5.5,9.18
48,2022-02-18 05:00:00,15.4225,-3.4275,6.1454177,10.310022,-7.7329597,0.3296026,9.3,14.04
49,2022-02-19 05:00:00,3.6225,-5.5775,-1.6254169,-3.53456,-12.189974,-7.92084,0.4,10.18
50,2022-02-20 05:00:00,2.6725001,-6.5275,-2.4941664,-3.4040365,-13.710511,-8.1872,0.0,15.02
51,2022-02-21 05:00:00,9.8725,-1.9775,2.7766666,5.952243,-6.5124164,-1.2641367,0.0,14.94
52,2022-02-22 05:00:00,14.3225,0.27249998,8.687083,11.466547,-2.4892287,5.3047414,5.1,6.28
53,2022-02-23 05:00:00,18.9725,2.2225,12.785,15.653807,-4.084734,9.106798,0.1,10.53
54,2022-02-24 05:00:00,0.5725,-1.7275,-0.39833334,-4.3742237,-7.291178,-5.633096,0.1,6.17
55,2022-02-25 05:00:00,6.6725,-3.7275,0.9120833,0.724597,-11.15329,-4.1734724,19.9,5.6
56,2022-02-26 05:00:00,3.0225,-6.5775,-1.9400005,-2.1660995,-12.278196,-7.285425,0.0,12.79
57,2022-02-27 05:00:00,8.0725,-3.7775,1.6891665,1.1947618,-8.646553,-4.2083073,0.0,16.8
58,2022-02-28 05:00:00,1.5225,-4.6775,-1.5670835,-3.776812,-10.773867,-6.955812,0.0,17.23
59,2022-03-01 05:00:00,5.9225,-3.5774999,2.3433335,2.1035585,-7.945826,-2.0552049,0.2,7.43
60,2022-03-02 05:00:00,10.5725,0.92249995,5.2933335,6.2365894,-2.5866966,1.3091116,0.0,16.25
61,2022-03-03 05:00:00,5.4225,-3.9275,2.7370837,0.39098072,-10.614995,-2.991581,3.5000002,17.38
62,2022-03-04 05:00:00,3.2225,-7.1275,-2.6045835,-2.2949932,-12.049092,-7.4509335,0.0,18.2
63,2022-03-05 05:00:00,5.3725,-4.5275,1.41,1.9337859,-8.955509,-2.7760687,0.1,12.09
64,2022-03-06 05:00:00,19.4725,3.1225,12.61,16.35661,0.08299112,9.415008,2.0,8.75
65,2022-03-07 05:00:00,23.0225,11.0225,17.2475,19.424044,8.0474615,14.429757,3.6,12.32
66,2022-03-08 05:00:00,7.7225,1.3225,4.77875,2.2324834,-3.923632,-0.8206709,0.0,17.95
67,2022-03-09 05:00:00,3.7725,0.27249998,2.0266666,0.011306286,-3.7541983,-2.0750077,15.4,1.76
68,2022-03-10 05:00:00,8.7225,-1.9275,2.7954166,5.993848,-5.670459,-0.4162592,0.0,15.93
69,2022-03-11 05:00:00,10.5225,-0.7275,4.5933332,6.8502645,-4.5845447,1.0015625,0.0,18.55
70,2022-03-12 05:00:00,6.5225,-4.6775,0.9724996,4.159526,-13.130405,-4.5380993,15.400001,2.51
71,2022-03-13 05:00:00,2.8725,-6.1275,-2.1316667,-4.239882,-14.245459,-8.612817,0.2,18.77
72,2022-03-14 05:00:00,13.2725,-2.5774999,5.6162496,8.931891,-6.579894,1.1849984,0.0,19.16
73,2022-03-15 05:00:00,15.7225,3.1225,9.480834,13.517618,-0.87144184,6.063638,0.0,17.03
74,2022-03-16 05:00:00,16.422499,3.1225,9.332917,15.47275,-0.20070124,6.7759953,0.1,19.36
75,2022-03-17 05:00:00,11.9725,3.8225002,8.24125,10.094138,1.4326677,6.0361724,6.6,5.64
76,2022-03-18 05:00:00,20.7725,6.7225,11.587082,20.694973,3.750082,10.278928,0.0,18.2
77,2022-03-19 05:00:00,17.672499,6.7225,12.743333,16.971828,3.6549768,11.310267,3.3,13.2
78,2022-03-20 05:00:00,15.0225,6.9725,10.735001,10.649513,0.85815096,6.567917,0.1,11.55
79,2022-03-21 05:00:00,15.7225,4.9725,9.74125,9.548913,-0.30611968,4.7563453,0.0,19.72
80,2022-03-22 05:00:00,13.0725,4.4725,8.301667,7.09447,-0.7380364,3.440529,0.0,19.89
81,2022-03-23 05:00:00,7.8725004,1.4725001,4.6454167,3.2304187,-3.0853956,-0.018917153,3.7,11.63
82,2022-03-24 05:00:00,9.6725,4.2225,7.1579175,6.527973,-0.6831765,3.2107449,24.400002,5.7
83,2022-03-25 05:00:00,15.9225,4.6225,9.957917,12.260782,2.1492844,6.5431857,4.1,17.09
84,2022-03-26 05:00:00,10.1225,4.2225,7.674584,6.8845673,-1.0608718,3.5550191,5.8,13.87
85,2022-03-27 05:00:00,7.7225,-1.5274999,3.7100003,1.3247428,-8.734851,-2.3818371,0.3,13.47
86,2022-03-28 05:00:00,0.22249998,-5.3275,-2.7795837,-7.6213284,-12.508879,-10.3966875,0.1,19.02
87,2022-03-29 05:00:00,3.2225,-5.1775,-0.8066666,-3.1583683,-12.688645,-7.1717973,0.0,20.97
88,2022-03-30 05:00:00,5.6725,-3.4775,1.6495832,0.99014425,-7.771626,-2.7641013,0.0,12.99
89,2022-03-31 05:00:00,18.922499,3.8225002,13.730832,15.772297,0.6615448,10.489101,5.3,8.86
90,2022-04-01 05:00:00,14.5225,4.8225,10.380832,14.0355625,-1.553133,6.136722,1.6000001,13.41
91,2022-04-02 05:00:00,11.1225,1.3725001,5.7120824,8.041121,-4.0777254,1.2556304,0.0,23.14
92,2022-04-03 05:00:00,8.5225,3.4225001,5.7725005,5.7793016,-1.5082374,2.6132424,3.4999998,7.94
93,2022-04-04 05:00:00,12.2725,2.6725001,7.2516665,7.935152,-2.2818477,2.6719515,0.1,17.51
94,2022-04-05 05:00:00,12.0725,1.2225001,6.724584,8.247244,-1.7311463,3.710206,2.6,9.97
95,2022-04-06 05:00:00,12.6225,6.3225,8.910001,9.076504,2.1932812,4.9579816,19.2,8.34
96,2022-04-07 05:00:00,11.1725,5.9225,8.657917,8.334632,2.3316011,4.7989774,66.3,3.59
97,2022-04-08 05:00:00,16.672499,6.8725,11.562084,12.852829,2.6677523,8.192815,5.7,22.76
98,2022-04-09 05:00:00,13.9225,5.1725,9.141252,10.399796,2.7415752,6.1310887,5.5999994,19.61
99,2022-04-10 05:00:00,9.9225,3.5725,7.0579166,3.4811153,-1.138453,1.4194531,0.0,16.33
100,2022-04-11 05:00:00,12.7225,1.9725001,7.655833,10.544137,-2.650589,4.0617495,0.0,23.95
101,2022-04-12 05:00:00,20.6225,7.5225,12.624583,18.223558,4.1466684,10.283625,1.6,17.78
102,2022-04-13 05:00:00,18.322498,7.2225,13.553749,18.094593,5.0146093,12.179668,0.0,20.09
103,2022-04-14 05:00:00,28.572498,13.2225,19.726667,28.141708,10.437685,18.525661,0.2,20.46
104,2022-04-15 05:00:00,19.6225,6.1725,13.709999,15.52051,3.2018452,9.685748,0.0,25.43
105,2022-04-16 05:00:00,19.7725,7.2225,13.74125,17.369812,3.8674002,9.890088,4.2999997,15.61
106,2022-04-17 05:00:00,10.1725,3.5225,7.0391674,4.2521257,-0.97767854,2.0809832,0.4,23.15
107,2022-04-18 05:00:00,10.0725,1.4225,5.9579167,6.1117544,-1.8515735,1.3762759,12.1,15.84
108,2022-04-19 05:00:00,11.2225,4.6725,7.8849998,5.6095905,-1.5155067,1.6332374,22.500002,20.13
109,2022-04-20 05:00:00,13.9225,3.2725,8.312085,10.476581,-2.1302748,3.967905,0.0,26.06
110,2022-04-21 05:00:00,12.9225,4.7225,9.462083,9.008168,2.2196312,6.0417976,0.3,16.13
111,2022-04-22 05:00:00,18.2225,8.2225,13.187083,14.911591,5.6793365,10.064397,0.0,26.18
112,2022-04-23 05:00:00,14.5225,6.4725,10.199586,12.853487,3.1043768,7.4118786,0.0,16.29
113,2022-04-24 05:00:00,15.5225,6.9725,10.662085,11.905785,4.618272,7.618616,0.0,23.81
114,2022-04-25 05:00:00,14.4225,6.0725,10.187083,11.079474,3.7063541,6.9763417,0.0,22.2
115,2022-04-26 05:00:00,16.2225,9.7725,12.91,15.665113,7.3542614,12.047859,4.9000006,7.29
116,2022-04-27 05:00:00,12.8225,4.2225,9.501667,10.391069,-2.171366,3.9511497,0.0,20.74
117,2022-04-28 05:00:00,12.3225,3.0725,7.4558334,5.450774,-2.551233,1.1656004,0.0,26.88
118,2022-04-29 05:00:00,15.2725,3.1225,9.253751,9.611844,-2.8093936,3.5411894,0.0,28.31
119,2022-04-30 05:00:00,17.672499,4.1225,10.81,14.421274,-0.3744669,6.986843,0.0,28.03
120,2022-05-01 05:00:00,18.572498,5.2725,11.693334,17.53754,2.067072,9.21711,1.1,25.24
121,2022-05-02 05:00:00,14.8225,9.3225,11.866249,13.796303,7.4833193,10.143673,2.6999998,8.16
122,2022-05-03 05:00:00,18.322498,7.1725,11.485,18.068453,5.3033676,9.342786,0.0,21.64
123,2022-05-04 05:00:00,20.4725,9.5225,13.518333,19.796515,6.6071215,12.515155,5.2999997,12.54
124,2022-05-05 05:00:00,21.7725,11.0725,15.770416,22.384398,8.915984,14.684571,0.0,26.09
125,2022-05-06 05:00:00,13.9725,9.2225,12.1225,13.698717,6.687043,10.933715,22.5,4.35
126,2022-05-07 05:00:00,10.3725,6.7225,8.468335,6.387863,1.2767344,3.6199818,27.900003,3.26
127,2022-05-08 05:00:00,12.7725,6.8225,9.574585,6.8421793,0.7330966,4.097714,2.3,11.34
128,2022-05-09 05:00:00,18.6225,5.7725,12.157914,15.308294,0.008662701,7.37558,0.0,28.67
129,2022-05-10 05:00:00,19.8725,7.7225,13.753749,16.432978,2.147955,9.071728,0.0,27.57
130,2022-05-11 05:00:00,21.072498,8.6225,14.45375,19.68134,3.726388,11.461299,0.0,20.76
131,2022-05-12 05:00:00,20.8725,11.1725,15.4225,21.964266,9.791954,14.931079,0.0,14.17
132,2022-05-13 05:00:00,21.2725,13.7225,16.262083,22.654621,12.945459,16.56743,1.8000002,8.81
133,2022-05-14 05:00:00,20.572498,13.9225,16.432917,22.216663,13.321871,17.283434,7.0,10.04
134,2022-05-15 05:00:00,24.6225,14.2725,17.926664,26.287228,14.92268,18.828037,1.0,19.31
135,2022-05-16 05:00:00,23.072498,15.2225,18.916248,25.28272,12.931025,19.410627,6.9000006,19.35
136,2022-05-17 05:00:00,23.072498,11.5225,17.614166,18.933435,10.182003,14.568162,0.0,26.27
137,2022-05-18 05:00:00,21.2725,11.2725,16.270416,19.457813,8.030235,13.946911,0.2,26.94
138,2022-05-19 05:00:00,21.7725,12.3725,15.384997,21.477468,10.995523,14.78667,13.900001,13.37
139,2022-05-20 05:00:00,21.322498,10.8725,16.449583,21.46441,10.357317,16.359001,5.7999997,20.47
140,2022-05-21 05:00:00,32.0225,16.072498,23.282915,37.547707,17.1234,26.065483,0.0,26.52
141,2022-05-22 05:00:00,30.5225,20.4725,25.05375,34.39421,20.751713,27.021196,1.1,25.13
142,2022-05-23 05:00:00,22.422499,15.4725,18.920416,20.523922,12.483585,16.698814,0.0,26.84
143,2022-05-24 05:00:00,19.1225,12.5725,15.755832,17.738295,11.718575,14.32547,0.1,16.46
144,2022-05-25 05:00:00,18.9725,11.0225,14.455833,18.598965,9.983788,13.011932,0.0,24.3
145,2022-05-26 05:00:00,19.5225,10.9725,15.770416,18.228622,10.018878,14.658658,0.0,23.93
146,2022-05-27 05:00:00,23.6225,16.2725,19.632917,25.0286,16.413565,20.433249,12.799999,13.86
147,2022-05-28 05:00:00,23.0225,17.422499,20.155832,24.195122,17.201105,21.027685,6.2999997,19.24
148,2022-05-29 05:00:00,24.4725,13.7225,19.15375,24.589113,13.452646,19.20996,0.0,23.9
149,2022-05-30 05:00:00,28.9725,14.9225,22.220415,31.291275,15.273052,23.349579,0.0,27.61
150,2022-05-31 05:00:00,33.5725,18.822498,26.80375,35.519093,19.129307,28.136038,0.0,27.42
151,2022-06-01 05:00:00,21.4725,15.6225,17.922499,22.53028,15.514742,17.760603,10.599999,22.99
152,2022-06-02 05:00:00,26.7725,16.4725,20.722496,29.346329,16.577255,22.49202,5.7000003,18.09
153,2022-06-03 05:00:00,24.2725,18.2225,20.539165,27.383106,16.702171,21.693787,2.2,21.48
154,2022-06-04 05:00:00,26.322498,13.3225,19.868332,27.117596,12.401707,19.744566,0.0,28.48
155,2022-06-05 05:00:00,23.7225,13.0725,18.393332,24.165709,11.66914,17.514082,0.0,29.4
156,2022-06-06 05:00:00,25.922499,13.0725,19.839165,25.620768,12.072489,18.592695,0.0,28.27
157,2022-06-07 05:00:00,24.4725,14.3725,19.784996,23.535538,13.296291,18.289116,0.90000004,20.77
158,2022-06-08 05:00:00,29.2725,19.1225,22.81208,29.230824,18.316416,23.929468,0.4,27.78
159,2022-06-09 05:00:00,28.072498,17.922499,22.645414,27.143478,16.404404,22.27826,9.400001,24.07
160,2022-06-10 05:00:00,26.072498,14.8725,20.44333,24.48303,14.192944,19.536375,0.0,27.45
161,2022-06-11 05:00:00,24.172499,15.5725,20.097498,24.63429,15.971809,20.016634,0.8,15.21
162,2022-06-12 05:00:00,22.6225,15.8725,19.062082,22.463646,16.303381,19.627584,8.400001,13.01
163,2022-06-13 05:00:00,27.422499,17.1225,23.041245,31.043976,18.580873,25.275194,4.5,23.85
164,2022-06-14 05:00:00,27.7225,18.7725,22.349586,29.333366,17.766668,22.412046,0.0,23.18
165,2022-06-15 05:00:00,26.7725,17.3725,21.326666,29.239365,18.30948,21.51834,0.0,27.42
166,2022-06-16 05:00:00,22.9725,17.4725,19.916248,22.531506,17.095259,19.63067,13.1,15.9
167,2022-06-17 05:00:00,31.872498,19.2225,25.103746,31.37035,19.768885,25.05787,0.0,25.2
168,2022-06-18 05:00:00,21.7725,14.9225,18.878746,19.54452,11.848318,15.1580925,0.0,23.22
169,2022-06-19 05:00:00,22.072498,12.5225,17.412085,17.037678,8.186804,13.057663,0.0,27.69
170,2022-06-20 05:00:00,26.322498,12.9725,19.639166,24.275803,10.5054865,17.576973,0.0,27.82
171,2022-06-21 05:00:00,26.322498,14.0225,19.995415,25.47581,12.85033,19.399626,2.1,14.42
172,2022-06-22 05:00:00,20.2725,16.7725,18.382914,20.113245,15.038523,17.7796,2.9000003,13.95
173,2022-06-23 05:00:00,22.172499,15.822499,19.168331,22.059328,15.788687,19.413794,0.8,17.79
174,2022-06-24 05:00:00,25.7725,14.6725,20.737082,28.129757,15.374487,22.00733,0.6,25.2
175,2022-06-25 05:00:00,32.3225,17.9725,24.21625,34.918022,19.52637,25.824102,0.0,28.45
176,2022-06-26 05:00:00,30.672499,19.8725,24.78083,31.707996,21.296349,24.994623,0.0,26.36
177,2022-06-27 05:00:00,26.4725,19.5225,23.441248,28.80716,20.501263,24.803423,8.500001,12.24
178,2022-06-28 05:00:00,27.7225,18.4725,22.20375,27.355467,16.877764,21.743135,0.2,27.78
179,2022-06-29 05:00:00,28.9725,17.0225,22.75583,29.453285,17.707062,22.86429,0.0,27.76
180,2022-06-30 05:00:00,31.5225,17.322498,24.0725,31.925282,17.41282,24.5644,0.0,28.16
181,2022-07-01 05:00:00,33.622498,20.2725,26.495413,34.59068,21.255665,27.897003,0.0,25.23
182,2022-07-02 05:00:00,30.1225,22.822498,25.574583,32.553802,24.750416,27.740946,14.6,17.22
183,2022-07-03 05:00:00,30.9725,21.172499,25.37458,31.990578,20.26316,26.630728,0.1,22.95
184,2022-07-04 05:00:00,29.9725,17.8725,23.987082,30.242664,16.589466,23.412786,0.0,28.3
185,2022-07-05 05:00:00,30.1225,20.0225,24.128746,29.567467,20.793972,24.339418,0.90000004,19.05
186,2022-07-06 05:00:00,31.672499,21.672499,26.659998,32.16341,23.409212,27.896683,0.1,23.29
187,2022-07-07 05:00:00,26.8725,19.7725,23.459997,27.376343,21.992685,23.956993,0.0,16.98
188,2022-07-08 05:00:00,28.822498,19.4725,23.522501,31.301502,21.826107,26.007326,1.4000001,21.26
189,2022-07-09 05:00:00,29.5225,20.6225,24.072496,31.943027,21.026863,25.0186,0.0,24.89
190,2022-07-10 05:00:00,27.1225,18.5225,22.499582,28.860767,16.591,22.17943,0.0,28.63
191,2022-07-11 05:00:00,28.322498,17.4725,22.495415,28.49496,18.899979,22.039911,0.0,27.19
192,2022-07-12 05:00:00,33.7725,19.322498,26.4225,34.296818,19.0642,26.931915,0.6,24.43
193,2022-07-13 05:00:00,32.622498,21.322498,26.570417,34.131683,23.393787,27.895662,0.0,25.08
194,2022-07-14 05:00:00,31.422499,21.4725,26.226662,35.097206,23.800705,27.746979,0.3,23.3
195,2022-07-15 05:00:00,28.3725,20.4725,24.185,29.025723,20.821775,24.722109,0.1,22.66
196,2022-07-16 05:00:00,27.6225,20.1225,23.326668,30.556324,21.89513,25.982355,13.1,19.43
197,2022-07-17 05:00:00,27.822498,19.922499,24.137083,30.890423,22.446058,26.949732,1.0,20.8
198,2022-07-18 05:00:00,29.9725,22.322498,25.01,32.042484,25.899263,27.902977,13.0,14.55
199,2022-07-19 05:00:00,33.5725,21.2225,27.039167,35.144527,22.72835,28.748903,0.0,26.05
200,2022-07-20 05:00:00,33.8225,22.322498,28.11833,37.982212,24.552387,30.688133,0.0,25.3
201,2022-07-21 05:00:00,33.5225,24.572498,28.497498,36.480255,27.108961,31.279083,2.6,22.14
202,2022-07-22 05:00:00,34.0725,21.4725,27.434998,36.584595,23.711977,29.783869,0.0,24.6
203,2022-07-23 05:00:00,34.3225,22.822498,28.012083,37.694187,25.920923,30.681984,0.0,27.2
204,2022-07-24 05:00:00,35.8225,23.922499,29.914167,37.30128,26.438236,31.114466,0.0,24.58
205,2022-07-25 05:00:00,31.3725,25.0225,27.043333,34.39153,26.905655,29.640978,24.1,15.3
206,2022-07-26 05:00:00,28.7725,19.922499,24.441246,28.813595,20.564623,24.756622,0.0,20.35
207,2022-07-27 05:00:00,28.0225,17.9725,23.80375,29.327602,18.983364,25.182283,0.0,22.21
208,2022-07-28 05:00:00,30.5225,22.072498,25.962084,34.87565,25.115318,29.145935,1.3,21.11
209,2022-07-29 05:00:00,30.5225,22.172499,26.314165,31.381413,24.085007,28.148657,0.5,12.93
210,2022-07-30 05:00:00,32.0225,22.0225,26.24958,30.413635,22.940495,26.597937,0.7,25.69
211,2022-07-31 05:00:00,28.5225,18.922499,24.362082,29.133045,20.617632,25.67666,0.0,20.78
212,2022-08-01 05:00:00,26.1225,20.672499,23.122498,28.337421,21.851763,25.234827,7.399999,13.79
213,2022-08-02 05:00:00,33.2225,21.2225,26.893335,34.916622,23.666403,29.38183,0.0,23.82
214,2022-08-03 05:00:00,32.3225,21.172499,25.349585,34.248745,22.02108,27.267359,0.0,26.63
215,2022-08-04 05:00:00,33.0225,21.172499,27.178747,35.86898,23.691576,29.326902,0.0,24.58
216,2022-08-05 05:00:00,32.7225,22.9725,27.85791,36.69924,25.536844,30.873123,0.4,17.51
217,2022-08-06 05:00:00,32.372498,23.2725,27.56,34.638565,26.475254,30.36023,4.4,22.35
218,2022-08-07 05:00:00,34.122498,23.5225,28.291252,34.77736,26.852913,30.999304,1.9000001,20.8
219,2022-08-08 05:00:00,34.4725,25.322498,29.512083,36.737442,28.058739,31.947075,0.70000005,22.69
220,2022-08-09 05:00:00,37.3225,26.072498,29.891249,40.521656,29.295738,33.581142,7.1,20.93
221,2022-08-10 05:00:00,32.5725,22.9725,26.145414,34.387268,24.369888,28.367432,0.1,18.82
222,2022-08-11 05:00:00,32.122498,22.9725,26.2975,32.33136,24.129814,28.50096,0.8,20.64
223,2022-08-12 05:00:00,29.0225,20.9725,24.78083,27.665205,18.836521,23.34671,0.0,24.17
224,2022-08-13 05:00:00,26.9725,17.6225,21.914164,26.038227,16.402374,20.314093,0.0,25.3
225,2022-08-14 05:00:00,26.8725,16.6225,22.051664,25.900127,16.484646,21.499191,0.0,22.33
226,2022-08-15 05:00:00,27.2725,17.922499,22.401665,27.839218,18.249985,22.795073,0.1,21.44
227,2022-08-16 05:00:00,27.9725,18.1225,22.662085,25.997908,18.983427,22.721334,0.0,22.99
228,2022-08-17 05:00:00,26.8725,18.172499,22.34958,25.884336,18.624798,22.563555,0.2,15.67
229,2022-08-18 05:00:00,30.6225,17.1225,23.764166,29.060593,18.318378,23.909124,0.1,22.16
230,2022-08-19 05:00:00,31.4725,17.672499,24.545418,31.893002,17.912346,24.656303,0.0,21.53
231,2022-08-20 05:00:00,31.5225,20.9725,25.674582,33.321297,23.00226,27.101929,0.3,21.36
232,2022-08-21 05:00:00,27.672499,19.8725,23.907915,29.799767,22.358597,25.966719,0.1,17.12
233,2022-08-22 05:00:00,24.322498,21.0225,22.664164,27.544687,23.698019,25.598497,17.7,12.12
234,2022-08-23 05:00:00,28.9725,20.7225,24.005835,32.385677,22.966713,26.63691,5.7999997,21.85
235,2022-08-24 05:00:00,31.2225,19.5225,25.076668,31.863766,21.55317,26.203568,0.0,22.6
236,2022-08-25 05:00:00,31.5225,19.2225,25.314165,33.817287,20.925154,26.503342,0.0,22.93
237,2022-08-26 05:00:00,29.322498,20.9725,24.557917,32.215416,23.46519,26.728712,16.500002,18.76
238,2022-08-27 05:00:00,29.5225,20.172499,24.870415,31.651337,22.234554,27.08335,0.0,21.06
239,2022-08-28 05:00:00,27.2225,21.572498,23.739166,28.906292,24.031015,25.94506,1.4000001,15.48
240,2022-08-29 05:00:00,28.3725,21.072498,24.516245,31.633305,24.27389,27.382315,0.1,19.67
241,2022-08-30 05:00:00,29.922499,21.572498,25.151663,33.014954,24.879955,27.686808,2.1999998,19.74
242,2022-08-31 05:00:00,28.7725,20.572498,24.176666,28.318134,19.77932,24.273867,0.1,21.52
243,2022-09-01 05:00:00,29.822498,19.322498,23.941248,28.528065,17.922539,22.550453,0.0,23.27
244,2022-09-02 05:00:00,24.922499,15.6725,20.25375,26.3182,14.541752,20.021557,0.0,23.03
245,2022-09-03 05:00:00,26.1225,17.572498,21.8975,28.04498,18.725462,23.094526,0.0,19.76
246,2022-09-04 05:00:00,30.1225,20.172499,24.264168,32.915848,22.361555,26.854101,1.3,16.82
247,2022-09-05 05:00:00,28.322498,20.9725,24.066248,32.125126,24.08456,27.105232,6.8,15.08
248,2022-09-06 05:00:00,22.2225,19.672499,21.222498,25.57808,20.195288,23.202032,31.400002,4.52
249,2022-09-07 05:00:00,22.7725,18.6225,20.280832,22.637716,18.274101,20.40117,1.2,7.98
250,2022-09-08 05:00:00,23.822498,17.822498,20.455832,23.495714,18.364834,20.967297,0.0,13.42
251,2022-09-09 05:00:00,26.2225,16.2225,20.522501,25.908785,16.758219,21.128534,0.0,22.09
252,2022-09-10 05:00:00,27.322498,15.2725,21.218332,27.707449,15.482618,22.150719,0.0,21.48
253,2022-09-11 05:00:00,24.5225,18.3725,20.859999,26.239891,19.869831,22.754318,16.8,6.33
254,2022-09-12 05:00:00,27.7725,20.3725,22.926664,30.534466,22.726288,25.65431,9.2,14.64
255,2022-09-13 05:00:00,25.8725,19.7225,22.514166,29.26775,18.749662,24.60068,6.5999994,13.29
256,2022-09-14 05:00:00,26.7225,15.7225,20.720415,25.30081,15.366009,20.386038,0.0,20.23
257,2022-09-15 05:00:00,21.9725,14.9225,18.797497,20.651096,13.290663,17.441797,0.0,21.45
258,2022-09-16 05:00:00,24.0225,11.7725,17.812082,22.474152,10.724279,17.226793,0.0,21.13
259,2022-09-17 05:00:00,22.422499,16.822498,19.426662,23.6231,16.304813,19.514372,0.0,18.74
260,2022-09-18 05:00:00,28.922499,17.072498,22.551664,28.264812,17.284895,22.5935,0.0,19.65
261,2022-09-19 05:00:00,29.9725,18.9725,23.074585,29.57753,19.487392,23.666245,1.8,17.28
262,2022-09-20 05:00:00,25.7225,17.7725,21.330832,24.318867,18.240595,21.446404,0.0,16.34
263,2022-09-21 05:00:00,25.922499,15.972501,20.457914,27.508081,16.469086,20.817036,0.0,18.9
264,2022-09-22 05:00:00,25.2225,14.1225,19.353746,25.57522,10.746302,18.348497,7.5000005,6.61
265,2022-09-23 05:00:00,16.4725,9.6225,12.94125,11.037112,5.010103,7.943887,0.0,20.09
266,2022-09-24 05:00:00,20.6225,9.4725,14.384998,18.510445,5.1631336,11.741551,0.0,17.77
267,2022-09-25 05:00:00,24.2725,11.6725,17.180832,23.017729,10.633255,16.307339,2.4,10.03
268,2022-09-26 05:00:00,23.572498,13.2225,18.122501,20.201725,11.919209,16.07995,0.0,17.54
269,2022-09-27 05:00:00,21.2725,13.2725,16.662083,17.807987,9.989613,14.171673,0.0,17.1
270,2022-09-28 05:00:00,20.8725,10.2225,15.732917,17.94717,8.026165,13.380624,0.0,15.26
271,2022-09-29 05:00:00,19.072498,11.2725,15.0287485,16.30851,8.368518,12.180976,0.0,18.12
272,2022-09-30 05:00:00,16.6225,10.5725,13.774583,13.865589,7.41481,11.106889,0.6,10.36
273,2022-10-01 05:00:00,17.322498,11.4725,14.318333,14.365917,7.678813,11.47252,21.2,6.13
274,2022-10-02 05:00:00,14.9225,10.3725,12.732918,11.823971,4.7189293,8.040117,12.599999,2.43
275,2022-10-03 05:00:00,11.7725,8.8725,10.107918,7.046384,4.3742046,5.322075,24.1,3.33
276,2022-10-04 05:00:00,12.6225,8.1225,10.641251,9.554707,2.7886276,6.3928876,183.59998,3.03
277,2022-10-05 05:00:00,15.822499,12.2225,13.862081,14.544163,8.8967705,11.772408,5.799999,5.44
278,2022-10-06 05:00:00,22.5225,10.9225,15.722497,21.853216,9.684429,15.060103,0.0,17.19
279,2022-10-07 05:00:00,23.922499,11.3725,17.22458,22.92703,10.66028,16.244886,0.2,16.13
280,2022-10-08 05:00:00,14.2725,6.7725,11.245418,10.492298,4.4146347,7.829632,0.5,13.9
281,2022-10-09 05:00:00,16.2725,5.8225,10.757916,12.10853,2.9764462,7.6411414,0.0,16.79
282,2022-10-10 05:00:00,19.7725,7.2225,13.032918,16.875244,5.126219,10.631554,0.0,15.34
283,2022-10-11 05:00:00,19.4725,7.4225,13.162084,18.581516,5.531048,11.7152815,0.0,16.18
284,2022-10-12 05:00:00,19.072498,8.9725,14.182916,17.394724,7.012107,12.27959,0.0,16.11
285,2022-10-13 05:00:00,20.7725,13.0225,17.145414,19.148932,11.202694,16.279913,7.3999996,6.0
286,2022-10-14 05:00:00,19.1225,9.9725,13.69125,17.132425,7.864958,11.448368,6.7,12.7
287,2022-10-15 05:00:00,18.8725,7.5225,13.482917,16.351988,5.4327726,11.395359,0.0,15.74
288,2022-10-16 05:00:00,17.5225,9.8725,12.91,16.207075,8.055283,11.282378,0.0,12.91
289,2022-10-17 05:00:00,18.7225,10.5725,14.584999,17.009706,9.022082,13.529076,4.299999,9.92
290,2022-10-18 05:00:00,13.5225,6.6725,10.249584,9.559241,3.7455635,6.7337985,0.5,14.89
291,2022-10-19 05:00:00,12.1225,4.2225,8.226666,6.2167435,0.8566642,3.931714,0.0,12.58
292,2022-10-20 05:00:00,14.2225,5.2225,9.464168,8.5537,1.3228264,5.2180448,0.0,15.3
293,2022-10-21 05:00:00,15.822499,5.7725,10.557918,13.26528,3.2909956,8.113116,0.0,15.02
294,2022-10-22 05:00:00,17.5225,5.9725,11.449584,15.47686,3.1605396,9.652754,0.0,14.43
295,2022-10-23 05:00:00,15.2725,9.7225,12.772502,12.933994,8.059696,10.550292,18.499998,4.13
296,2022-10-24 05:00:00,16.2725,11.8725,14.0704155,15.86565,9.724239,12.740707,11.700004,3.59
297,2022-10-25 05:00:00,20.5225,14.6225,17.60375,22.318487,14.227352,18.88884,2.1,5.95
298,2022-10-26 05:00:00,21.0225,15.1225,18.026667,22.365612,14.202457,19.021708,0.4,7.47
299,2022-10-27 05:00:00,17.2725,9.6725,13.90583,13.48691,5.1257925,10.591018,0.0,13.66
300,2022-10-28 05:00:00,12.8725,6.5225,9.282916,8.865687,2.1578584,5.485662,0.0,11.91
301,2022-10-29 05:00:00,14.2225,4.9725,9.005834,11.2811,2.4788618,6.414846,0.0,13.85
302,2022-10-30 05:00:00,15.972501,4.1725,9.7370825,13.630888,1.2283826,7.520828,0.0,13.61
303,2022-10-31 05:00:00,17.172499,10.0725,13.318333,15.546154,8.7007065,12.614342,7.7,7.47
304,2022-11-01 05:00:00,19.572498,12.9225,15.516251,18.935349,12.606613,15.2234955,6.4,6.17
305,2022-11-02 05:00:00,19.8725,10.0725,14.512082,18.939785,8.785272,13.163059,0.0,12.61
306,2022-11-03 05:00:00,17.672499,8.3225,12.16,16.314579,6.801178,10.822662,0.0,12.46
307,2022-11-04 05:00:00,19.5225,7.9224997,13.870416,19.535294,6.8154383,13.424497,0.0,10.83
308,2022-11-05 05:00:00,22.822498,14.7725,18.222502,22.452047,14.784241,17.672646,0.0,10.49
309,2022-11-06 05:00:00,23.5225,17.572498,19.90375,23.574394,16.641438,19.5729,2.8,6.49
310,2022-11-07 05:00:00,23.7225,13.1225,19.257915,23.294416,7.5894594,17.317135,0.8,11.37
311,2022-11-08 05:00:00,13.2725,7.7225,10.170417,8.59404,2.8153362,5.4205794,0.0,12.04
312,2022-11-09 05:00:00,10.3225,4.1725,7.20375,7.5270844,-0.05008316,3.7984827,0.0,11.82
313,2022-11-10 05:00:00,17.172499,6.6225,11.199584,15.100246,4.3593445,9.50412,0.0,11.14
314,2022-11-11 05:00:00,18.8725,11.6225,16.06,18.761526,10.448635,15.786514,25.4,2.22
315,2022-11-12 05:00:00,20.4725,13.6725,18.280832,19.195147,13.692926,17.004175,1.8000001,9.97
316,2022-11-13 05:00:00,13.8725,5.3225,10.045417,13.76067,0.028019905,6.1034527,2.8,6.05
317,2022-11-14 05:00:00,7.4725,1.8225,4.5787506,2.599245,-1.8332043,-0.07425681,0.0,11.29
318,2022-11-15 05:00:00,7.5225,1.3225,4.3370833,4.2363443,-2.310199,0.4128091,8.1,5.85
319,2022-11-16 05:00:00,11.0725,3.9225001,7.2995834,7.183136,-1.210377,2.7116401,10.4,7.85
320,2022-11-17 05:00:00,8.1225,1.9225001,4.3120832,1.166317,-3.332953,-1.1628755,0.0,9.09
321,2022-11-18 05:00:00,6.3725,0.1725,3.1516669,-0.23801517,-4.328109,-2.3891225,0.2,10.5
322,2022-11-19 05:00:00,4.2225,-1.7774999,1.3183334,-1.7381923,-6.2928605,-3.572181,0.0,10.87
323,2022-11-20 05:00:00,2.1225,-2.3274999,0.2766667,-3.0440145,-7.7501354,-5.983499,0.1,10.65
324,2022-11-21 05:00:00,3.9724998,-3.6775,0.41833338,-2.0496883,-8.230013,-4.956923,0.0,10.47
325,2022-11-22 05:00:00,9.3225,0.072500005,4.4433336,5.051737,-3.9088378,0.29408383,0.0,10.18
326,2022-11-23 05:00:00,11.5725,1.3225,5.65375,7.5561504,-2.4043522,1.7912955,0.0,10.08
327,2022-11-24 05:00:00,10.3725,0.72249997,5.237083,7.5095034,-2.6197581,2.3323567,0.0,9.64
328,2022-11-25 05:00:00,11.8225,4.5225,7.5454173,8.46985,1.0007677,3.8684022,3.8,3.86
329,2022-11-26 05:00:00,12.1725,4.3225,7.389166,7.9555874,0.01701498,3.0250056,0.0,9.67
330,2022-11-27 05:00:00,13.6725,4.9725,9.099584,11.938299,1.4570241,5.857737,12.200001,2.61
331,2022-11-28 05:00:00,11.2725,4.0725,9.16,7.5449266,-0.23561096,4.6898384,0.0,7.57
332,2022-11-29 05:00:00,6.0225,0.072500005,2.9933338,2.5694418,-3.311247,-0.32097647,0.0,7.71
333,2022-11-30 05:00:00,12.6725,1.2725,8.262084,8.415743,-1.5336647,4.175772,14.9,1.05
334,2022-12-01 05:00:00,5.9725,-0.027500004,2.8016665,-0.33034992,-5.540265,-2.8316517,0.0,8.12
335,2022-12-02 05:00:00,4.9225,-3.1775,1.4954166,0.76926136,-7.0390325,-2.2242773,0.0,9.35
336,2022-12-03 05:00:00,13.2225,4.1725,9.855832,9.649783,0.60638094,5.574158,8.799999,1.46
337,2022-12-04 05:00:00,6.7225,-0.82750005,3.5391667,2.334052,-4.757727,-0.6964681,0.0,9.14
338,2022-12-05 05:00:00,6.3225,-2.7275,2.0016668,2.6109095,-6.47026,-1.5782617,0.0,8.58
339,2022-12-06 05:00:00,12.2725,0.47249997,8.507916,9.988978,-2.2832673,5.930889,13.5,1.07
340,2022-12-07 05:00:00,14.3225,10.8725,12.522499,14.7851715,8.53492,11.5429,8.5,1.77
341,2022-12-08 05:00:00,11.3725,4.9225,8.585,8.355911,1.1033168,4.826675,0.0,5.75
342,2022-12-09 05:00:00,6.8725,0.12249999,3.0745833,1.6536503,-5.4409256,-2.0056248,0.0,9.15
343,2022-12-10 05:00:00,4.5725,-1.5775,1.3954167,0.04485941,-7.006525,-3.4625027,0.0,8.85
344,2022-12-11 05:00:00,4.0725,0.8725,2.5766666,0.12470007,-3.779208,-1.5285078,11.000001,1.37
345,2022-12-12 05:00:00,4.0725,-2.9275,0.8454167,-1.6544425,-7.9450955,-3.7750075,0.8000001,7.56
346,2022-12-13 05:00:00,4.7225,-4.5775,-0.98375005,0.44185114,-9.523573,-5.692843,0.0,9.16
347,2022-12-14 05:00:00,4.2725,-1.8774999,0.25583342,-0.5663104,-7.45982,-4.8560476,0.0,8.99
348,2022-12-15 05:00:00,4.5725,-1.5775,2.107917,-0.0008678436,-6.64204,-2.789005,19.900002,1.32
349,2022-12-16 05:00:00,6.4225,3.2725,4.695417,0.7705765,-1.7148163,-0.65216583,12.100001,1.72
350,2022-12-17 05:00:00,6.7725,0.7725,3.512083,0.71068,-3.6831417,-1.598383,0.1,8.17
351,2022-12-18 05:00:00,3.8725,-2.6775,0.5370833,-2.0442936,-6.832701,-4.433653,0.0,6.99
352,2022-12-19 05:00:00,3.4225001,-2.3775,0.13083333,-2.9052873,-8.04087,-5.637382,0.0,8.78
353,2022-12-20 05:00:00,3.5725,-2.8274999,-0.05249992,-1.0831797,-7.0539227,-4.919563,0.0,8.78
354,2022-12-21 05:00:00,2.8725,-4.1275,-0.87125,-0.48729134,-7.984556,-4.5073547,0.0,8.61
355,2022-12-22 05:00:00,8.1225,-2.4775,2.95375,3.757412,-5.950302,-1.3171705,10.8,2.0
356,2022-12-23 05:00:00,12.5225,-12.8775,2.345417,7.7091217,-21.975298,-4.3273473,21.7,2.01
357,2022-12-24 05:00:00,-4.7775,-13.6775,-10.829583,-12.706588,-22.772253,-18.784328,0.0,8.73
358,2022-12-25 05:00:00,-1.7774999,-10.2275,-6.37125,-8.512827,-17.325422,-12.977134,0.0,8.92
359,2022-12-26 05:00:00,-1.0775,-8.1775,-4.73375,-6.782113,-14.168752,-10.362568,0.0,8.72
360,2022-12-27 05:00:00,2.6725001,-5.1275,-1.7545834,-2.4579082,-10.150084,-6.4404793,0.0,8.69
361,2022-12-28 05:00:00,6.5725,-4.0775,0.6454166,1.1818323,-8.291206,-3.7290218,0.0,8.46
362,2022-12-29 05:00:00,8.3725,-1.1775,2.7245834,4.4335403,-5.0154395,-1.176636,0.0,8.33
363,2022-12-30 05:00:00,13.3225,1.2225001,6.1912503,10.745218,-2.323956,2.9171536,0.0,8.22
364,2022-12-31 05:00:00,10.8725,5.7225,8.69125,9.923977,3.2568884,7.018305,7.3000007,1.64
365,2023-01-01 05:00:00,11.7225,4.7225,8.557918,9.356075,1.5323315,5.697609,1.1,8.02
366,2023-01-02 05:00:00,12.6225,4.3225,7.7537503,10.615801,1.4059496,5.6371713,0.6,6.03
367,2023-01-03 05:00:00,12.6225,6.0725,9.464166,11.098845,3.948079,7.7604523,9.4,1.45
368,2023-01-04 05:00:00,17.7725,9.3225,12.853749,17.899748,8.102611,11.925765,2.3,6.6
369,2023-01-05 05:00:00,12.9225,7.2225,9.685,12.3929405,4.8620186,8.0943,0.0,4.19
370,2023-01-06 05:00:00,8.4725,2.3225,5.76625,5.1620884,-1.9210324,2.8242004,9.599999,3.97
371,2023-01-07 05:00:00,8.0225,0.27249998,3.4558334,2.9192195,-3.9852567,-0.9103797,0.0,6.81
372,2023-01-08 05:00:00,4.0225,-2.5275,1.1120833,0.7758579,-6.353557,-2.7828503,0.0,8.83
373,2023-01-09 05:00:00,7.0225,0.5225,2.8641665,2.0172863,-3.7839456,-0.86616683,1.5000001,8.08
374,2023-01-10 05:00:00,6.0725,-0.1275,2.4475,1.8404608,-4.431266,-1.4932132,0.0,5.39
375,2023-01-11 05:00:00,3.6725001,-1.3774999,0.7579166,-0.41938305,-6.0633316,-3.3505032,0.0,6.6
376,2023-01-12 05:00:00,10.4725,-0.77750003,5.5141664,8.152233,-4.704718,2.3480043,12.1,1.88
377,2023-01-13 05:00:00,12.4725,2.6725001,8.722501,9.727922,-3.13796,4.6452155,1.4000001,3.83
378,2023-01-14 05:00:00,2.4225001,-1.3774999,0.64541656,-3.3931215,-9.018324,-5.87672,0.0,2.25
379,2023-01-15 05:00:00,4.9225,-1.9275,0.4662501,-2.135897,-9.596132,-6.833115,0.0,9.62
380,2023-01-16 05:00:00,7.9725,-2.5774999,1.4204167,3.1855564,-9.667309,-4.2163033,0.0,9.98
381,2023-01-17 05:00:00,7.2225,-2.2275,2.385,3.2420888,-6.5281076,-1.5343302,1.4,5.61
382,2023-01-18 05:00:00,10.5725,2.7225,6.4475,5.67939,-0.8231087,2.4379857,1.7,7.43
383,2023-01-19 05:00:00,5.4225,2.1725001,3.8537502,2.2118754,-1.0661936,0.7250085,24.1,1.35
384,2023-01-20 05:00:00,8.7725,1.6225001,5.1891665,2.7815537,-2.2985868,0.78018206,0.1,6.52
385,2023-01-21 05:00:00,5.9225,-2.4775,2.31625,1.7517776,-6.289965,-2.1139483,0.1,7.74
386,2023-01-22 05:00:00,5.3725,-3.6275,1.3995835,1.8310356,-7.4747577,-2.4090958,7.9,5.51
387,2023-01-23 05:00:00,2.8225,0.22249998,2.1808336,-1.2774038,-5.542312,-2.7767646,14.4000025,2.19
388,2023-01-24 05:00:00,7.5225,-1.2774999,2.0975,1.1034894,-5.966356,-2.8151271,0.0,10.28
389,2023-01-25 05:00:00,11.2225,-2.6275,2.4870834,6.4860992,-6.32524,-1.7972063,21.6,2.25
390,2023-01-26 05:00:00,11.6725,2.2225,6.8850007,9.636454,-2.8837082,1.5736861,12.900001,9.62
391,2023-01-27 05:00:00,5.9225,-1.7774999,1.8349999,0.60532284,-5.4259067,-2.603563,0.0,9.36
392,2023-01-28 05:00:00,10.6725,-0.9775,4.36,5.204932,-5.656987,-0.26137248,0.0,10.31
393,2023-01-29 05:00:00,10.2725,-0.0775,5.4475,5.4275503,-4.009035,1.4905257,0.0,5.0
394,2023-01-30 05:00:00,11.4725,2.2225,5.9620833,8.524265,-0.7853346,3.0635393,0.0,9.72
395,2023-01-31 05:00:00,6.2725,-0.2775,2.9183338,3.543665,-5.613662,-1.332427,2.5,3.56
396,2023-02-01 05:00:00,2.9725,-3.6775,-0.9837501,-2.0173693,-8.355671,-5.7454014,1.6,11.57
397,2023-02-02 05:00:00,3.8725,-4.6275,-0.2879166,-2.1897879,-8.773341,-5.0152373,0.0,11.74
398,2023-02-03 05:00:00,0.022499993,-11.3275,-5.1025004,-5.9560843,-20.98862,-13.202988,0.0,12.65
399,2023-02-04 05:00:00,-4.0775,-16.7275,-9.50875,-10.055217,-24.07875,-16.193163,0.0,12.72
400,2023-02-05 05:00:00,8.9225,-4.6275,1.4266664,3.3268218,-10.344531,-3.655134,0.0,9.78
401,2023-02-06 05:00:00,9.9725,-1.1775,3.8266668,3.9363365,-5.354147,-0.94221085,0.0,10.76
402,2023-02-07 05:00:00,3.4725,-4.2775,0.27249995,-0.603457,-9.106262,-4.2894616,2.6999998,10.27
403,2023-02-08 05:00:00,10.2225,0.3725,4.518334,5.65285,-3.5471358,0.51589227,0.6,12.17
404,2023-02-09 05:00:00,10.9225,-1.9775,4.8787503,7.9892035,-5.60758,1.5262412,0.0,3.54
405,2023-02-10 05:00:00,13.8725,5.6725,10.785,9.663227,0.4593048,6.5847354,0.0,12.94
406,2023-02-11 05:00:00,6.5225,0.22249998,3.2808332,2.0600014,-5.0960226,-1.4969267,0.0,13.64
407,2023-02-12 05:00:00,6.6225,-0.77750003,2.6850002,3.126873,-4.260048,-0.8821852,1.4000001,7.75
408,2023-02-13 05:00:00,13.1225,2.2725,6.5016665,8.597955,-3.7578719,1.2952455,1.2,13.84
409,2023-02-14 05:00:00,11.1725,2.3225,5.930834,6.79179,-3.3043458,1.1215807,0.0,14.15
410,2023-02-15 05:00:00,16.7725,2.8225,10.280833,12.423096,-0.6062503,6.1005445,0.0,12.3
411,2023-02-16 05:00:00,19.0225,9.0225,12.416249,17.880896,5.8212767,10.180409,2.8999999,8.23
412,2023-02-17 05:00:00,15.1725,-1.2275,8.989167,12.748127,-8.612417,5.0263643,8.1,3.34
413,2023-02-18 05:00:00,5.5225,-2.8775,0.79333335,0.22860909,-8.8554125,-4.60096,0.0,15.05
414,2023-02-19 05:00:00,7.9224997,-0.5775,4.0516663,3.8784952,-4.39077,-0.261505,0.0,8.86
415,2023-02-20 05:00:00,15.1225,5.3225,8.703751,10.754475,2.3482213,5.346269,0.0,8.05
416,2023-02-21 05:00:00,8.1225,1.5725,3.9954166,5.4391537,-2.2612581,0.6017943,7.1000004,6.0
417,2023-02-22 05:00:00,5.3725,-1.0275,2.3079166,2.194491,-4.754864,-1.3232447,4.4,6.31
418,2023-02-23 05:00:00,7.5225,2.4725,4.445417,4.468234,-1.6398032,0.90824634,0.6,8.11
419,2023-02-24 05:00:00,7.2225,-3.3274999,3.3620834,2.3897414,-9.6656275,-2.4104722,0.0,13.99
420,2023-02-25 05:00:00,0.022499993,-5.7775,-3.165,-3.8240576,-10.97872,-7.6264815,0.70000005,6.13
421,2023-02-26 05:00:00,9.9725,-4.0275,2.0808332,3.8924112,-7.8855567,-2.618627,0.0,13.55
422,2023-02-27 05:00:00,4.7225,-2.3775,1.4079167,1.5120196,-6.8771844,-3.2824724,5.3,14.34
423,2023-02-28 05:00:00,1.9225001,-0.8775,0.6933333,-1.1939218,-5.2951508,-3.4265382,11.600001,2.22
424,2023-03-01 05:00:00,5.6225,-2.7275,1.8995833,2.3567233,-6.961087,-2.1489785,3.4999998,15.02
425,2023-03-02 05:00:00,13.5225,2.0225,6.5787506,9.620177,-1.4288301,2.8047006,1.4,10.24
426,2023-03-03 05:00:00,7.2725,-1.7774999,3.11625,2.8827982,-5.252315,-1.368568,4.4,10.93
427,2023-03-04 05:00:00,6.9225,2.8725,5.0724993,2.3941488,-2.2349887,0.4951109,40.199997,6.27
428,2023-03-05 05:00:00,12.0225,-0.6275,5.3120837,6.3461313,-4.1948805,0.86331064,0.0,14.73
429,2023-03-06 05:00:00,9.9725,1.1725,5.70375,4.531146,-3.2752755,0.9861975,0.0,15.47
430,2023-03-07 05:00:00,7.2225,0.42249995,3.2725003,0.18217325,-5.8297906,-2.730706,2.7,17.76
431,2023-03-08 05:00:00,9.2225,-2.3274999,2.7120836,2.792788,-9.069656,-3.4067805,0.0,17.54
432,2023-03-09 05:00:00,10.2225,-0.7275,4.0725,5.038225,-6.1473503,-0.85658747,0.0,15.22
433,2023-03-10 05:00:00,7.2225,-1.4775,3.21,3.684987,-5.734114,-0.5414163,9.6,9.76
434,2023-03-11 05:00:00,6.7725,1.5225,3.9058342,1.653326,-3.7015564,-0.7523542,10.8,7.61
435,2023-03-12 05:00:00,7.6225,-1.2774999,3.2766666,4.3170385,-5.8976293,-0.84271246,0.0,14.84
436,2023-03-13 05:00:00,5.6725,3.1725001,4.3683333,1.6335735,-1.6128454,0.606984,18.800001,2.45
437,2023-03-14 05:00:00,2.8725,0.92249995,1.8204168,-2.716934,-6.943526,-5.298003,10.100002,4.8
438,2023-03-15 05:00:00,6.8225,0.5725,3.0245836,-0.9089613,-7.392912,-4.5053473,0.0,17.78
439,2023-03-16 05:00:00,13.1725,-1.5274999,5.4641666,8.677868,-6.287936,0.9133136,0.0,18.65
440,2023-03-17 05:00:00,14.1225,2.2725,8.49125,10.347889,-1.4920754,5.1098514,0.0,12.35
441,2023-03-18 05:00:00,10.8225,2.8225,7.093334,7.639326,-2.433066,2.4931078,0.7,18.3
442,2023-03-19 05:00:00,3.5225,-2.9775,0.79541665,-2.8620694,-9.216233,-5.3991485,0.0,20.4
443,2023-03-20 05:00:00,10.4725,-3.4775,3.0808337,5.1402426,-7.517053,-1.3427244,0.0,21.11
444,2023-03-21 05:00:00,15.5725,-1.1775,7.3745823,10.574399,-5.0311913,3.0717294,0.0,21.06
445,2023-03-22 05:00:00,13.0725,2.1225,7.6287513,9.679707,-1.6587415,4.028128,0.0,16.32
446,2023-03-23 05:00:00,14.7225,5.0225,10.75375,12.755053,2.2176185,8.22309,2.8,9.04
447,2023-03-24 05:00:00,12.0725,4.9225,8.126666,9.4281225,0.9316616,4.7091517,0.2,11.46
448,2023-03-25 05:00:00,7.2725,2.7225,5.3454156,3.9256973,-0.684247,1.1816576,11.5,3.35
449,2023-03-26 05:00:00,14.8225,3.0225,9.189168,10.717955,-0.13452816,5.0275164,0.0,21.92
450,2023-03-27 05:00:00,14.6225,2.3225,7.5287495,11.1073065,-1.2640142,3.9480278,2.6,16.57
451,2023-03-28 05:00:00,10.9725,2.8725,6.2829165,7.498247,-0.89576674,2.6378686,0.6,10.66
452,2023-03-29 05:00:00,10.7725,-0.2775,5.1766667,8.2500305,-3.9738815,1.1823592,0.0,22.18
453,2023-03-30 05:00:00,7.3225,-1.6775,2.9204166,2.363912,-8.112756,-2.4864454,0.1,22.74
454,2023-03-31 05:00:00,9.8225,-1.0275,6.005833,7.5664682,-4.9504113,2.5202672,0.0,12.03
455,2023-04-01 05:00:00,19.4725,10.4225,14.668334,17.100222,5.18435,11.8504095,10.099999,8.56
456,2023-04-02 05:00:00,9.6225,2.3225,6.376667,4.8084917,-2.9767141,0.7227314,0.0,23.72
457,2023-04-03 05:00:00,13.1725,-0.3775,7.143333,8.687117,-4.4330254,3.138382,0.0,22.71
458,2023-04-04 05:00:00,18.4725,5.7225,13.191249,18.4075,3.6837234,12.145462,0.0,19.42
459,2023-04-05 05:00:00,13.3725,9.1225,11.395416,11.082088,6.155308,9.1691885,0.4,6.54
460,2023-04-06 05:00:00,26.2725,10.4225,16.507917,25.183365,9.71755,16.173717,3.2999997,16.41
461,2023-04-07 05:00:00,13.7225,5.5725,10.630833,9.550814,-0.35825062,5.7826056,0.0,8.72
462,2023-04-08 05:00:00,10.1725,1.5225,5.812084,8.361436,-2.4365702,2.0051954,0.0,20.94
463,2023-04-09 05:00:00,11.5225,0.9725,6.1329174,9.808567,-2.4781873,2.5849025,0.0,23.91
464,2023-04-10 05:00:00,17.6225,1.9725001,9.093333,15.735636,-1.0387974,6.1568456,0.0,24.35
465,2023-04-11 05:00:00,22.7725,6.2225,14.9225,18.204012,2.1846576,10.528775,0.0,23.21
466,2023-04-12 05:00:00,27.2725,15.3225,20.207912,24.09916,10.249471,16.824348,0.0,21.36
467,2023-04-13 05:00:00,30.8725,11.7225,21.976664,29.05981,9.613766,19.75707,0.0,24.13
468,2023-04-14 05:00:00,29.3725,13.6225,21.774582,29.156715,10.957157,20.108326,0.0,23.37
469,2023-04-15 05:00:00,20.7225,13.5725,17.182917,21.307835,13.775974,17.173594,5.0,16.3
470,2023-04-16 05:00:00,20.7225,11.9225,15.470416,21.572515,10.58835,15.139749,0.0,15.83
471,2023-04-17 05:00:00,19.822498,11.3725,14.234998,18.045546,6.9528036,11.8556185,3.1,14.07
472,2023-04-18 05:00:00,14.2225,6.5225,10.789166,8.303735,1.5807786,5.2494893,0.1,19.14
473,2023-04-19 05:00:00,17.2725,4.0725,10.197501,13.177982,0.789793,6.3039355,0.0,22.28
474,2023-04-20 05:00:00,15.6725,5.5725,10.30375,14.891819,2.4930887,7.708999,0.0,23.66
475,2023-04-21 05:00:00,18.822498,7.9224997,12.926665,17.002954,6.112321,10.787205,0.0,24.8
476,2023-04-22 05:00:00,19.5225,9.6725,14.180833,18.91413,7.6383266,12.228191,18.2,20.13
477,2023-04-23 05:00:00,18.9725,9.8225,14.239165,16.600683,6.2941723,12.093825,15.900002,15.62
478,2023-04-24 05:00:00,15.972501,6.0725,10.937084,13.059414,2.8118896,7.683708,0.0,23.3
479,2023-04-25 05:00:00,14.9725,5.3225,10.093333,11.37815,2.2488832,7.0277405,0.3,20.71
480,2023-04-26 05:00:00,13.6725,5.9225,9.766251,11.586447,3.4236584,7.1920133,0.9,18.35
481,2023-04-27 05:00:00,13.2725,7.1225,10.385001,10.906673,5.0281515,8.261872,0.70000005,15.64
482,2023-04-28 05:00:00,12.8225,6.5725,9.637084,8.732187,4.26441,6.2923627,9.8,9.23
483,2023-04-29 05:00:00,12.0225,8.5725,10.59125,10.113558,4.314766,7.431589,55.8,3.99
484,2023-04-30 05:00:00,14.6725,10.2725,12.64125,13.70793,7.2417307,10.9575815,22.400002,5.26
485,2023-05-01 05:00:00,15.4725,7.3225,12.272499,12.942488,2.2455635,7.7706246,1.6000001,22.51
486,2023-05-02 05:00:00,13.2225,8.1725,10.107917,8.322799,4.825637,6.4829464,0.8,17.67
487,2023-05-03 05:00:00,12.3225,5.5225,9.182916,9.1644535,2.6498375,6.309677,0.70000005,17.95
488,2023-05-04 05:00:00,14.2225,6.1225,10.060001,11.777321,2.9567447,7.618939,1.9000001,17.13
489,2023-05-05 05:00:00,16.922499,6.6725,11.339168,15.93807,4.633993,9.722173,3.3,22.17
490,2023-05-06 05:00:00,20.822498,6.3725,14.14125,18.597223,4.2591095,11.975371,0.0,22.8
491,2023-05-07 05:00:00,23.572498,9.0725,16.2475,23.011988,6.4664526,14.556952,0.0,26.27
492,2023-05-08 05:00:00,23.4725,12.6225,17.899584,21.546635,11.131867,16.186596,0.0,26.13
493,2023-05-09 05:00:00,19.072498,9.5225,13.7370825,18.890186,7.01274,11.189407,0.0,23.19
494,2023-05-10 05:00:00,20.9725,6.9225,14.220417,20.040928,4.75978,12.549975,0.0,28.45
495,2023-05-11 05:00:00,25.172499,9.3225,17.676668,25.570877,7.509245,16.219595,0.0,27.99
496,2023-05-12 05:00:00,29.322498,12.7725,21.076664,28.49002,11.298466,20.352425,0.0,24.4
497,2023-05-13 05:00:00,27.172499,16.2225,21.607912,26.336142,12.712704,19.965109,0.0,15.57
498,2023-05-14 05:00:00,22.672499,12.3725,17.253748,20.59119,8.750086,14.230415,0.0,28.2
499,2023-05-15 05:00:00,25.1225,9.4725,17.372503,22.513126,6.531254,14.093849,0.0,29.52
500,2023-05-16 05:00:00,27.5225,12.5725,20.168333,22.971016,9.624476,16.840744,0.0,27.75
501,2023-05-17 05:00:00,17.322498,9.5225,14.503749,14.571627,5.723442,10.090999,0.0,29.49
502,2023-05-18 05:00:00,14.0225,6.6225,10.935,12.064724,3.1585932,7.7001624,0.0,29.56
503,2023-05-19 05:00:00,19.322498,10.2725,14.739167,17.128134,8.76475,12.129059,0.0,22.71
504,2023-05-20 05:00:00,17.3725,13.3725,15.712083,19.316452,11.983744,15.803825,26.9,5.78
505,2023-05-21 05:00:00,21.6225,12.7725,16.997498,19.177168,9.920919,14.746383,0.6,19.59
506,2023-05-22 05:00:00,22.7725,12.0725,16.512081,23.105265,10.829811,15.446368,0.2,23.94
507,2023-05-23 05:00:00,19.2225,10.5725,14.241249,19.811396,9.121592,12.919492,0.0,27.35
508,2023-05-24 05:00:00,21.672499,9.6725,15.520413,21.51586,8.0915785,13.959011,0.7,26.49
509,2023-05-25 05:00:00,18.9725,9.8725,14.391248,16.469585,5.270136,11.031884,0.0,29.74
510,2023-05-26 05:00:00,22.0225,9.8225,15.953748,19.680067,8.026332,13.993733,0.0,29.75
511,2023-05-27 05:00:00,24.1225,9.6725,16.947498,24.406155,7.3346367,15.264911,0.0,29.18
512,2023-05-28 05:00:00,23.422499,11.4225,17.576666,22.830772,9.924236,15.90801,0.0,28.98
513,2023-05-29 05:00:00,24.4725,13.5725,18.216251,25.108072,11.9526825,16.40216,0.0,28.91
514,2023-05-30 05:00:00,20.1225,11.5225,15.3204155,21.231087,9.508843,13.908496,0.0,29.84
515,2023-05-31 05:00:00,22.3725,10.5225,16.003748,23.403456,9.582098,15.620937,0.0,29.9
516,2023-06-01 05:00:00,27.172499,12.0725,19.37458,28.85521,12.119246,19.851671,0.0,29.24
517,2023-06-02 05:00:00,30.5225,14.9225,22.170416,33.155582,14.142773,22.67276,0.0,27.11
518,2023-06-03 05:00:00,19.922499,13.2225,17.926664,19.996626,9.70379,16.311855,3.5,12.57
519,2023-06-04 05:00:00,21.2225,10.2225,15.314166,16.745434,8.145343,12.326581,0.1,17.81
520,2023-06-05 05:00:00,23.7725,11.3225,17.77458,21.437643,9.784416,15.430538,0.0,18.57
521,2023-06-06 05:00:00,25.572498,14.3725,19.293333,24.449144,12.009321,16.7352,0.2,25.94
522,2023-06-07 05:00:00,24.8725,13.0225,18.516249,22.120077,10.58145,15.58627,0.0,29.08
523,2023-06-08 05:00:00,22.172499,10.4725,16.549582,19.758307,8.636246,14.943631,0.0,25.04
524,2023-06-09 05:00:00,22.6225,11.4725,16.737082,21.641739,10.402629,15.65021,0.9,22.83
525,2023-06-10 05:00:00,26.1225,12.0725,18.964165,24.568563,11.050022,17.890053,0.2,25.29
526,2023-06-11 05:00:00,26.922499,16.172499,21.164165,27.909435,15.528515,20.990828,0.0,21.62
527,2023-06-12 05:00:00,23.7725,19.0225,20.726664,24.014235,18.866371,20.838202,8.5,16.79
528,2023-06-13 05:00:00,26.172499,15.9225,20.607914,25.252554,15.072941,19.479527,0.0,26.07
529,2023-06-14 05:00:00,24.4725,14.6225,18.278748,24.546978,13.787304,17.259588,9.5,16.91
530,2023-06-15 05:00:00,25.9725,14.7725,20.272501,23.94654,12.890009,18.723925,0.0,21.96
531,2023-06-16 05:00:00,25.6225,14.9225,18.966248,25.027496,15.115929,19.142239,10.799999,16.31
532,2023-06-17 05:00:00,25.2225,14.5725,19.816248,22.419641,13.698715,18.005377,0.1,26.27
533,2023-06-18 05:00:00,26.2725,15.5225,21.23083,24.510519,13.58909,19.8193,0.0,19.14
534,2023-06-19 05:00:00,25.0225,16.072498,20.280828,27.487726,15.7928505,20.675348,1.4000001,25.53
535,2023-06-20 05:00:00,23.2725,16.2225,19.21833,23.274107,15.682573,18.70361,0.0,20.02
536,2023-06-21 05:00:00,22.672499,15.2725,18.555834,20.230251,13.86598,16.662256,0.3,18.63
537,2023-06-22 05:00:00,20.822498,15.2225,18.001669,21.482595,12.741905,16.504122,0.3,10.07
538,2023-06-23 05:00:00,22.672499,16.822498,19.657915,23.216335,17.783537,20.593138,15.6,10.6
539,2023-06-24 05:00:00,25.4725,19.0225,21.476667,28.234547,20.352327,23.874304,18.0,17.71
540,2023-06-25 05:00:00,28.322498,18.422499,22.735,32.655666,20.236923,25.668617,1.9000001,23.44
541,2023-06-26 05:00:00,25.322498,18.8725,21.56,28.49247,20.573395,23.623535,4.6,17.97
542,2023-06-27 05:00:00,26.1225,19.172499,21.53083,28.844852,20.752249,23.97934,18.7,14.77
543,2023-06-28 05:00:00,28.422499,18.672499,22.607912,30.725891,19.629797,24.840048,2.1,21.79
544,2023-06-29 05:00:00,28.422499,16.0225,22.126665,28.46315,16.528683,22.89377,0.0,22.02
545,2023-06-30 05:00:00,29.0225,16.8725,22.81208,30.802334,18.357038,24.310472,0.0,25.39
546,2023-07-01 05:00:00,26.672499,17.4725,22.353746,27.295914,18.505096,22.922363,0.1,25.63
547,2023-07-02 05:00:00,31.0225,20.1225,24.362082,34.323547,21.716234,27.112411,16.000002,19.22
548,2023-07-03 05:00:00,30.922499,22.1225,25.31833,34.76138,24.973377,28.889147,17.800001,20.75
549,2023-07-04 05:00:00,29.172499,21.072498,24.534998,34.183353,24.414734,28.383612,5.4,19.32
550,2023-07-05 05:00:00,32.0725,20.822498,26.032919,37.256073,24.459753,30.012094,0.0,26.43
551,2023-07-06 05:00:00,31.072498,21.2725,25.71833,34.376358,24.336,28.852484,0.0,27.84
552,2023-07-07 05:00:00,29.4725,21.6225,25.045418,34.258736,25.316792,28.896204,0.6,22.3
553,2023-07-08 05:00:00,29.3725,21.6225,25.143335,34.61517,25.081333,29.162752,4.4,20.59
554,2023-07-09 05:00:00,26.7225,21.322498,23.001663,29.37022,23.73478,26.23665,18.600002,11.0
555,2023-07-10 05:00:00,28.4725,20.6225,24.032915,29.4318,22.138777,26.40087,1.2,19.99
556,2023-07-11 05:00:00,31.5225,16.8725,24.65167,33.982994,17.150509,26.376997,0.0,27.44
557,2023-07-12 05:00:00,32.8225,19.422499,26.551666,34.994854,20.896372,28.640501,0.0,27.0
558,2023-07-13 05:00:00,31.672499,21.072498,26.70375,32.67241,22.910566,28.769396,0.2,23.11
559,2023-07-14 05:00:00,28.0225,21.1225,24.134996,32.484344,24.386768,27.558107,36.7,18.46
560,2023-07-15 05:00:00,29.2725,20.2225,24.641249,35.755985,23.245293,28.826988,7.9,19.96
561,2023-07-16 05:00:00,25.7725,21.6225,23.643332,30.10027,24.10286,27.298346,41.399998,6.61
562,2023-07-17 05:00:00,31.572498,19.822498,25.412079,34.929214,22.369625,28.80622,0.1,25.7
563,2023-07-18 05:00:00,29.422499,21.172499,24.655832,33.445797,24.221659,27.903269,8.299999,23.03
564,2023-07-19 05:00:00,27.322498,18.572498,22.705832,30.90092,19.983692,25.565697,3.8000002,16.64
565,2023-07-20 05:00:00,28.322498,19.7725,23.966248,31.905174,22.4942,26.562965,0.5,24.54
566,2023-07-21 05:00:00,29.322498,21.6225,24.099585,32.074234,23.20691,26.989212,3.5,22.08
567,2023-07-22 05:00:00,28.2225,18.322498,23.237082,29.554676,18.420961,24.021059,0.0,26.26
568,2023-07-23 05:00:00,29.8725,17.1225,23.799582,31.63995,17.796314,24.938833,0.5,25.03
569,2023-07-24 05:00:00,28.5225,18.3725,24.076662,30.755775,18.955133,25.41507,1.9,23.34
570,2023-07-25 05:00:00,28.4725,19.0225,22.845415,32.661568,21.35513,26.036789,9.0,18.33
571,2023-07-26 05:00:00,29.8725,16.8725,23.85583,33.18982,17.862457,25.820236,0.4,25.36
572,2023-07-27 05:00:00,33.6725,22.072498,27.032913,35.85115,24.180576,29.978888,0.7,22.79
573,2023-07-28 05:00:00,34.0225,21.172499,27.482916,36.873764,24.538532,31.203997,0.0,25.41
574,2023-07-29 05:00:00,33.6725,21.6225,27.46,35.441833,20.428043,29.573427,4.3,22.42
575,2023-07-30 05:00:00,26.072498,17.4725,21.657919,24.915514,16.451231,20.708248,0.0,21.69
576,2023-07-31 05:00:00,29.2725,15.3225,22.509996,29.838535,15.0635395,22.613802,0.0,24.24
577,2023-08-01 05:00:00,26.822498,16.822498,21.674582,24.97255,16.13529,20.613192,0.0,22.37
578,2023-08-02 05:00:00,27.5225,14.3225,20.75583,26.464602,13.673792,20.119526,0.0,22.0
579,2023-08-03 05:00:00,26.1225,15.3725,21.40375,25.662622,15.184835,20.526773,0.90000004,21.4
580,2023-08-04 05:00:00,27.2725,18.2225,22.86833,27.111528,19.395245,23.324907,0.90000004,16.8
581,2023-08-05 05:00:00,30.5225,18.072498,24.328749,31.675877,20.191578,25.785997,0.2,22.1
582,2023-08-06 05:00:00,29.672499,17.922499,24.001663,30.70351,18.218254,24.505524,0.0,23.12
583,2023-08-07 05:00:00,27.5225,21.822498,23.978745,28.971092,23.84522,25.92193,37.9,14.38
584,2023-08-08 05:00:00,26.922499,21.3725,23.589165,28.027962,20.431122,24.185003,15.200002,17.92
585,2023-08-09 05:00:00,29.2725,19.5225,24.143333,28.546555,18.341557,23.309298,0.1,24.15
586,2023-08-10 05:00:00,25.2725,18.572498,21.72875,28.006268,20.106611,23.93538,11.9,8.87
587,2023-08-11 05:00:00,28.9725,17.922499,23.170416,29.144497,19.016438,24.143684,0.1,24.33
588,2023-08-12 05:00:00,27.922499,16.922499,22.576666,30.867859,18.17743,24.6289,8.6,19.61
589,2023-08-13 05:00:00,30.4725,21.322498,25.13083,32.07375,23.313856,27.523973,2.9,22.87
590,2023-08-14 05:00:00,30.672499,18.5225,24.399582,32.235737,20.239754,26.327135,1.3,20.94
591,2023-08-15 05:00:00,26.822498,21.0225,23.672499,29.625866,23.187246,26.313143,20.300003,15.04
592,2023-08-16 05:00:00,26.3725,20.322498,22.691248,30.34277,22.340456,25.68918,3.9999998,17.4
593,2023-08-17 05:00:00,25.4725,20.1225,22.76208,28.357521,22.995895,25.378952,5.8999996,16.53
594,2023-08-18 05:00:00,26.7225,18.422499,23.366247,27.187243,17.193035,23.864775,3.1,22.07
595,2023-08-19 05:00:00,26.172499,15.1725,20.484999,24.436127,14.434277,19.151413,0.0,20.61
596,2023-08-20 05:00:00,29.672499,14.9725,22.514166,29.972435,15.313501,23.190348,0.0,24.58
597,2023-08-21 05:00:00,30.8725,18.2225,24.93708,33.98065,19.3037,26.918863,0.1,19.71
598,2023-08-22 05:00:00,25.8725,17.7225,21.714165,25.51958,15.514986,20.55559,0.0,23.63
599,2023-08-23 05:00:00,25.322498,15.7725,20.257915,26.237514,15.301868,20.278402,0.0,21.74
600,2023-08-24 05:00:00,24.2225,19.322498,21.157915,23.000303,19.994963,21.622215,2.1999998,7.04
601,2023-08-25 05:00:00,27.7725,20.7725,23.293333,30.608807,21.650988,25.596899,11.100001,12.5
602,2023-08-26 05:00:00,29.9725,19.672499,24.441248,32.783596,22.486837,27.22906,0.4,19.88
603,2023-08-27 05:00:00,28.1225,18.2225,22.926664,29.954895,18.781141,24.40293,0.5,22.17
604,2023-08-28 05:00:00,24.7725,18.672499,21.401665,25.570873,21.101435,22.996529,1.1,13.17
605,2023-08-29 05:00:00,27.422499,17.5225,22.457914,29.8074,19.19238,24.756266,1.6000001,16.55
606,2023-08-30 05:00:00,29.3725,19.7225,24.057917,29.816017,18.371948,25.250902,0.7,18.54
607,2023-08-31 05:00:00,24.922499,16.922499,20.21625,22.86949,14.868122,18.290308,0.0,23.62
608,2023-09-01 05:00:00,24.2225,13.4725,18.6225,23.575506,11.674332,17.587221,0.0,23.67
609,2023-09-02 05:00:00,26.7225,12.7225,19.643333,26.967552,11.901155,19.430285,0.0,22.91
610,2023-09-03 05:00:00,32.122498,17.7725,25.13708,33.46243,18.20108,26.302656,0.3,21.4
611,2023-09-04 05:00:00,33.622498,19.6225,26.766249,35.744015,22.047276,28.937063,1.2,19.46
612,2023-09-05 05:00:00,35.122498,21.8725,27.945414,37.66809,24.458273,31.279821,0.0,20.06
613,2023-09-06 05:00:00,35.6725,22.7225,28.693335,37.878345,26.158255,31.934776,0.0,21.71
614,2023-09-07 05:00:00,35.0225,21.322498,27.37458,38.141716,24.169878,30.116274,3.8,17.68
615,2023-09-08 05:00:00,31.4725,20.172499,24.889168,36.468285,23.540823,28.582499,14.299999,15.86
616,2023-09-09 05:00:00,29.0225,20.2225,23.470415,33.155632,22.79261,26.914404,8.5,11.99
617,2023-09-10 05:00:00,24.322498,19.3725,21.682917,27.091614,22.544724,24.79704,18.1,7.25
618,2023-09-11 05:00:00,27.422499,19.672499,22.647497,31.128815,22.314861,25.877401,2.8,16.07
619,2023-09-12 05:00:00,28.7225,18.8725,22.86,30.136414,20.672592,25.05762,0.2,18.31
620,2023-09-13 05:00:00,26.422499,19.2225,22.001663,28.813454,21.606434,24.60909,17.100002,11.83
621,2023-09-14 05:00:00,24.7725,16.2725,19.96,23.927483,13.52183,19.065996,0.0,20.97
622,2023-09-15 05:00:00,21.2225,13.4225,17.070414,18.779404,10.28378,14.231778,0.0,18.62
623,2023-09-16 05:00:00,24.2225,14.9725,18.762083,21.176453,12.064896,16.378214,0.0,17.2
624,2023-09-17 05:00:00,24.0225,11.5725,18.239164,24.481848,9.871664,17.982286,0.5,15.62
625,2023-09-18 05:00:00,21.2725,15.972501,18.605831,21.423012,14.678682,19.597347,13.900002,5.1
626,2023-09-19 05:00:00,23.2225,12.8725,17.56625,20.937521,11.977083,16.067217,0.0,20.05
627,2023-09-20 05:00:00,23.2725,11.4725,17.04125,21.509241,10.314938,16.05991,0.0,19.14
628,2023-09-21 05:00:00,22.572498,11.3225,16.632914,22.624405,9.77652,15.925133,0.0,19.76
629,2023-09-22 05:00:00,22.172499,12.7725,17.047499,20.194712,12.19368,15.532989,0.0,15.46
630,2023-09-23 05:00:00,16.2225,13.3725,14.918334,13.453917,9.877808,12.114109,42.29999,3.89
631,2023-09-24 05:00:00,19.572498,15.7725,17.016249,17.415804,12.803936,15.148182,17.5,3.45
632,2023-09-25 05:00:00,17.072498,14.1225,15.787082,16.718012,11.691532,13.984929,17.400005,3.12
633,2023-09-26 05:00:00,16.7725,12.4725,14.920415,14.372887,10.24255,12.604274,8.4,5.77
634,2023-09-27 05:00:00,17.5225,9.1225,13.453751,14.868273,5.739045,10.916096,0.0,15.39
635,2023-09-28 05:00:00,18.5225,10.4725,14.191247,17.13513,8.163073,12.662444,0.2,6.44
636,2023-09-29 05:00:00,16.922499,12.9725,14.924583,15.168411,10.688073,13.2393875,69.799995,4.86
637,2023-09-30 05:00:00,21.4725,12.7725,16.141253,20.644983,11.029865,15.15173,1.0,11.73
638,2023-10-01 05:00:00,24.822498,13.9225,18.797499,23.990614,12.654572,18.330301,0.0,17.96
639,2023-10-02 05:00:00,25.172499,14.5725,19.501665,25.406733,14.984148,19.68447,0.0,15.82
640,2023-10-03 05:00:00,27.172499,12.8725,19.139166,29.006645,13.106897,20.473478,0.0,17.11
641,2023-10-04 05:00:00,27.572498,14.6225,19.77875,31.264652,15.335655,21.314556,0.0,16.92
642,2023-10-05 05:00:00,23.822498,12.8225,17.7475,24.199175,12.428122,18.364592,0.0,16.8
643,2023-10-06 05:00:00,22.2225,17.422499,19.63083,23.654488,18.809593,21.1144,3.1000001,7.63
644,2023-10-07 05:00:00,20.422499,11.4725,16.591248,22.5096,8.062522,16.164862,59.900005,6.23
645,2023-10-08 05:00:00,16.672499,9.1725,12.605834,12.31411,5.4678802,8.584634,0.0,14.88
646,2023-10-09 05:00:00,15.4225,7.0725,11.218333,11.172644,3.5232935,8.026637,0.1,13.23
647,2023-10-10 05:00:00,17.7725,7.6225,13.157916,14.29063,5.8619957,11.037365,0.0,13.39
648,2023-10-11 05:00:00,20.4725,7.9224997,13.799583,17.662052,6.187584,12.284434,0.0,16.49
649,2023-10-12 05:00:00,20.822498,6.9725,13.649583,19.408092,5.064559,12.177321,0.0,15.57
650,2023-10-13 05:00:00,17.422499,8.5225,12.507916,14.4157715,6.222747,10.120673,0.0,16.38
651,2023-10-14 05:00:00,11.6725,9.1725,10.27875,10.109556,6.617573,8.223907,15.4,2.07
652,2023-10-15 05:00:00,16.422499,8.7725,11.832915,11.9927845,5.548855,8.080125,0.90000004,13.58
653,2023-10-16 05:00:00,17.4725,6.8225,11.447501,14.668768,4.2874813,9.122886,0.2,13.72
654,2023-10-17 05:00:00,16.6225,7.9725,11.887084,14.610483,5.832322,10.061027,0.6,12.31
655,2023-10-18 05:00:00,17.0225,6.6225,11.980832,16.1779,5.082844,10.738925,0.3,11.37
656,2023-10-19 05:00:00,17.822498,6.9725,12.6537485,15.702232,4.9588337,10.784275,0.0,13.74
657,2023-10-20 05:00:00,17.072498,12.5725,15.057915,16.416674,11.436718,14.260482,27.199999,3.75
658,2023-10-21 05:00:00,17.5225,12.1725,14.245415,14.867853,8.181997,12.140756,5.9,5.36
659,2023-10-22 05:00:00,13.6725,8.3725,11.093333,8.616713,3.3499346,6.519581,0.0,10.68
660,2023-10-23 05:00:00,15.8725,6.3225,10.268333,13.166456,2.9764786,6.966768,0.0,14.28
661,2023-10-24 05:00:00,17.5225,4.0725,10.545416,15.274097,1.5759697,8.588102,0.0,13.04
662,2023-10-25 05:00:00,21.822498,7.5225,14.280831,20.346004,5.128066,12.19455,0.0,13.21
663,2023-10-26 05:00:00,25.7225,9.1225,16.795416,25.273075,7.1937304,15.58569,0.0,13.46
664,2023-10-27 05:00:00,24.422499,12.2225,17.364168,24.17397,10.522663,16.520708,0.0,8.19
665,2023-10-28 05:00:00,26.822498,16.0225,20.339167,26.282333,13.440634,20.02763,0.0,12.38
666,2023-10-29 05:00:00,14.8725,10.4225,12.324581,11.679072,8.485173,9.98416,7.6,3.46
667,2023-10-30 05:00:00,18.922499,10.0225,13.576667,18.243484,6.196842,12.114854,1.3000001,5.77
668,2023-10-31 05:00:00,10.3725,6.4725,8.841249,7.728492,3.1946912,5.6424317,0.2,9.03
669,2023-11-01 05:00:00,9.5225,2.5725,6.2766666,4.712779,-1.6923976,2.280369,3.5000002,8.4
670,2023-11-02 05:00:00,9.4725,-0.47750002,4.1704173,5.355337,-3.9332056,0.47907624,0.0,12.71
671,2023-11-03 05:00:00,12.9225,0.072500005,6.3849998,8.378544,-3.6270504,2.793316,0.0,12.64
672,2023-11-04 05:00:00,14.7725,3.4225001,8.49125,12.128,0.39687252,5.886844,0.0,8.92
673,2023-11-05 05:00:00,16.822498,4.2725,10.130834,14.576647,1.5451407,7.763823,0.0,8.08
674,2023-11-06 05:00:00,11.8725,3.7225,7.964168,9.7226715,0.29374838,5.145515,0.1,10.99
675,2023-11-07 05:00:00,20.072498,10.6225,13.7579155,17.70439,7.3041973,11.480481,5.7,7.03
676,2023-11-08 05:00:00,9.7225,3.7225,6.9579167,6.0210257,0.060759544,2.8818128,0.0,11.93
677,2023-11-09 05:00:00,15.0725,2.5225,9.164166,14.006868,-0.901,7.071909,0.4,4.97
678,2023-11-10 05:00:00,10.5225,5.1725,7.8120837,7.485444,1.6091528,4.6944833,0.3,2.38
679,2023-11-11 05:00:00,12.0225,2.9225001,6.945416,7.3185024,-0.5815878,3.2368624,0.0,9.9
680,2023-11-12 05:00:00,6.9225,-0.3775,2.6016667,3.3904757,-4.8685646,-1.2591583,0.0,10.45
681,2023-11-13 05:00:00,8.7225,-2.3274999,2.9995832,4.627902,-5.8179417,-0.545285,0.0,10.4
682,2023-11-14 05:00:00,10.9725,1.9225001,5.9162507,5.357607,-1.4577332,1.701777,0.0,8.94
683,2023-11-15 05:00:00,10.6225,-1.3275,4.8725,6.8590765,-4.939165,1.5840364,0.0,9.81
684,2023-11-16 05:00:00,17.6225,1.6725,8.589168,14.772936,-1.5270629,5.8254304,0.0,10.76
685,2023-11-17 05:00:00,19.322498,4.1225,11.6475,16.51413,1.052793,9.355006,0.0,9.11
686,2023-11-18 05:00:00,12.7725,2.6225,9.389168,11.833868,-1.3020141,5.7197747,1.2,8.84
687,2023-11-19 05:00:00,12.2225,0.8725,5.943334,7.113325,-2.8857684,1.7819281,0.0,10.49
688,2023-11-20 05:00:00,6.9225,-1.1274999,2.7933333,2.7517948,-4.8250985,-1.5518705,0.0,10.71
689,2023-11-21 05:00:00,8.8725,-1.4775,3.9704163,3.9807577,-6.245355,-0.8673218,10.5,3.7
690,2023-11-22 05:00:00,14.2225,8.0225,10.997501,11.213151,3.4983506,7.9237647,22.099998,7.92
